framework,path,question_id,question_tags,question_view_count,question_answer_count,question_score,question_creation_date,question_link,question_owner_id,question_owner_reputation,question_owner_creation_date,question_owner_tags,answer_id,answer_score,answer_creation_date,answer_owner_id,answer_owner_reputation,answer_owner_creation_date,answer_owner_tags
android,googlesamples/easypermissions,43123650,android;android-permissions;,15113,2,4,2017-03-30 12:37:19,https://stackoverflow.com/questions/43123650/android-request-access-notification-policy-and-mute-phone,1702592,2506,2012-09-27 03:56:04,angular;angular5;typescript;macos;homebrew;,43127589,9,2017-03-30 16:19:16,4224497,2106,2014-11-06 17:32:45,javascript;node.js;chart.js;android;google-apps-script;
android,googlesamples/easypermissions,55356854,android;android-fragments;android-permissions;android-dialogfragment;,119,2,0,2019-03-26 08:11:34,https://stackoverflow.com/questions/55356854/android-runtime-permission-call-same-fragment-after-accept-or-denied-permission,11139789,35,2019-03-02 06:40:04,java;android;android-fragments;android-viewpager;android-tablayout;,55357095,1,2019-03-26 08:23:52,7530555,601,2017-02-07 15:42:15,android;android-fragments;kotlin;java;navigation;
android,googlesamples/easypermissions,40161547,java;android;permissions;android-permissions;,3794,2,4,2016-10-20 15:08:20,https://stackoverflow.com/questions/40161547/how-to-handle-denied-permissions-android-m-easypermissions,5355629,951,2015-09-20 04:50:03,javascript;html;android;android-studio;css;,40162930,3,2016-10-20 16:27:17,4665938,2376,2015-03-13 02:10:19,android;java;android-recyclerview;android-animation;android-fragments;
android,googlesamples/easypermissions,38817578,android;permissions;,5175,2,9,2016-08-07 15:08:58,https://stackoverflow.com/questions/38817578/android-set-targetsdkversion-to-22-to-avoid-runtime-permissions-what-are-the,4835204,1863,2015-04-26 14:50:12,python;pytorch;multiprocessing;c++;opencv;,,,,,,,[]
android,googlesamples/easypermissions,47221116,android;unity3d;aar;,1550,1,0,2017-11-10 07:52:38,https://stackoverflow.com/questions/47221116/include-external-libraries-in-your-aar-file-a-plugin-for-unity,206885,1427,2009-11-09 10:21:17,android;animation;android-animation;ios;swift;,,,,,,,[]
android,googlesamples/easypermissions,44224335,android;android-studio;build.gradle;,1244,1,1,2017-05-28 02:05:36,https://stackoverflow.com/questions/44224335/failed-to-resolve-pub-devreleasypermissions0-3-0,2089418,824,2013-02-19 21:58:06,unity3d;google-play-services;authentication;android;virtualbox;,,,,,,,[]
android,googlesamples/android-testing,60439652,android;gradle;android-testing;android-instrumentation;,22,1,0,2020-02-27 14:33:03,https://stackoverflow.com/questions/60439652/gradle-run-instrumentation-test-how-to-exclude-a-package-using-command-line,2278333,39,2013-04-13 17:00:09,java;svn;graphics;tortoisesvn;android;,,,,,,,[]
android,googlesamples/android-testing,57492237,android;android-fragments;android-viewpager;android-espresso;,38,0,0,2019-08-14 05:46:47,https://stackoverflow.com/questions/57492237/test-multiple-activities-in-one-testrule,7062173,83,2016-10-23 21:47:40,angularjs;javascript;routing;vba;ms-access;,,,,,,,[]
android,googlesamples/android-testing,32872608,android;unit-testing;mockito;,1606,1,6,2015-09-30 13:48:21,https://stackoverflow.com/questions/32872608/mockito-mocking-android-context-packagemanager-exception,5378148,61,2015-09-25 20:19:56,android;unit-testing;mockito;,,,,,,,[]
android,googlesamples/android-testing,53577274,android;android-testing;android-junit;,577,1,1,2018-12-02 01:01:27,https://stackoverflow.com/questions/53577274/test-orchestrator-sample,2205522,893,2013-03-24 17:13:39,android;android-source;code-coverage;jacoco;jenkins;,55461368,2,2019-04-01 14:24:38,6248208,1007,2016-04-24 13:29:43,android;unit-testing;android-livedata;android-gradle-plugin;android-notifications;
android,googlesamples/android-testing,53638074,android;android-recyclerview;android-espresso;,129,1,1,2018-12-05 14:53:16,https://stackoverflow.com/questions/53638074/espresso-finding-row-in-recyclerview-that-could-be-off-screen,2663916,1040,2013-08-08 05:49:10,android;layout;preference;customizing;preferencescreen;,53638529,0,2018-12-05 15:24:54,2663916,1040,2013-08-08 05:49:10,android;layout;preference;customizing;preferencescreen;
android,googlesamples/android-testing,38296278,android;unit-testing;mockito;android-context;,4051,3,5,2016-07-10 16:40:52,https://stackoverflow.com/questions/38296278/mockito-how-do-i-use-getstring-with-mockito,3178944,17180,2014-01-09 15:47:10,android;android-studio;gradle;java;android-recyclerview;,,,,,,,[]
android,googlesamples/android-testing,50123177,android-studio;android-gradle-plugin;build.gradle;,3537,4,0,2018-05-01 16:13:11,https://stackoverflow.com/questions/50123177/build-error-execution-failed-for-task-apppredebugandroidtestbuild-when-bui,2719875,12479,2013-08-26 21:41:54,django;python;django-rest-framework;virtual-machine;serialization;,50204169,0,2018-05-06 16:19:35,2719875,12479,2013-08-26 21:41:54,django;python;django-rest-framework;virtual-machine;serialization;
android,googlesamples/android-testing,41623247,android;android-studio;gradle;android-gradle-plugin;android-espresso;,4898,1,3,2017-01-12 18:23:03,https://stackoverflow.com/questions/41623247/android-espresso-test-class-not-found-empty-test-suite,170451,6319,2009-09-08 17:17:09,typescript;java;android;gradle;android-espresso;,,,,,,,[]
android,googlesamples/android-testing,44360094,android;react-native;android-uiautomator;,297,0,3,2017-06-04 20:13:11,https://stackoverflow.com/questions/44360094/testing-react-native-with-uiautomator-on-android,276866,2065,2010-02-19 07:10:10,ios;iphone;app-store-connect;xcode;testflight;,,,,,,,[]
android,googlesamples/android-testing,37738432,android;android-testing;,786,1,0,2016-06-09 20:56:20,https://stackoverflow.com/questions/37738432/avd-errors-with-hax-on-android-studio-2-1,398348,2363,2010-07-21 14:49:58,android;javafx-2;linux;embedded-linux;serialization;,,,,,,,[]
android,googlesamples/android-testing,35664198,java;android;testing;junit4;android-instrumentation;,1599,1,1,2016-02-26 20:33:25,https://stackoverflow.com/questions/35664198/no-runnable-methods-on-android-junit4-instrumentation-tests,3071350,1484,2013-12-05 14:25:06,amazon-web-services;amazon-s3;android;amazon-ec2;amazon-dynamodb;,35708297,2,2016-02-29 15:47:26,3071350,1484,2013-12-05 14:25:06,amazon-web-services;amazon-s3;android;amazon-ec2;amazon-dynamodb;
android,googlesamples/android-credentials,34334069,android;google-signin;android-googleapiclient;google-smartlockpasswords;googlesigninaccount;,1280,2,1,2015-12-17 08:59:14,https://stackoverflow.com/questions/34334069/android-google-sign-in-credential-token-list-is-always-empty,3149327,6755,2013-12-31 09:37:44,android;android-resources;android-studio;android-layout;drawable;,34540704,1,2015-12-31 00:41:50,355099,3412,2010-06-01 01:56:14,google-smartlockpasswords;android;google-signin;google-play-services;credentials;
android,googlesamples/android-credentials,50758822,android;android-gradle-plugin;resolve;play-services-auth-base-license;,4101,4,3,2018-06-08 06:40:11,https://stackoverflow.com/questions/50758822/failed-to-resolve-play-services-auth-base-license-version-11-8-0,2260963,5185,2013-04-09 05:11:09,android;adb;user-data;gradle;android-studio;,,,,,,,[]
android,googlesamples/android-credentials,35636078,android;google-api-client;,1068,2,1,2016-02-25 15:04:10,https://stackoverflow.com/questions/35636078/android-credentials-api-no-eligible-accounts,2051363,981,2013-02-07 12:34:23,android;android-layout;android-gradle-plugin;android-fragments;javascript;,35846721,3,2016-03-07 10:50:52,2051363,981,2013-02-07 12:34:23,android;android-layout;android-gradle-plugin;android-fragments;javascript;
android,googlesamples/android-credentials,33907279,android;google-play-services;google-smartlockpasswords;,1477,1,2,2015-11-24 22:59:13,https://stackoverflow.com/questions/33907279/smart-lock-for-passwords-not-working-on-certain-phones-error-message-no-eligib,1481500,1425,2012-06-25 22:27:09,android;google-play-services;google-smartlockpasswords;amazon-dynamodb;autofocus;,33907417,7,2015-11-24 23:13:33,1481500,1425,2012-06-25 22:27:09,android;google-play-services;google-smartlockpasswords;amazon-dynamodb;autofocus;
android,googlesamples/android-credentials,33926977,android;android-emulator;google-play-services;,129,1,0,2015-11-25 18:47:59,https://stackoverflow.com/questions/33926977/google-play-services-out-of-date-in-emulator-and-cannot-be-updated,1481500,1425,2012-06-25 22:27:09,android;google-play-services;google-smartlockpasswords;amazon-dynamodb;autofocus;,,,,,,,[]
android,googlesamples/android-instant-apps,57778716,java;android;android-intent;android-instant-apps;android-app-bundle;,119,1,1,2019-09-03 17:04:19,https://stackoverflow.com/questions/57778716/java-syntax-for-calling-installable-app-from-instant-with-showinstallprompt,1324802,3005,2012-04-10 14:26:21,android;admob;firebase-remote-config;shared;preferences;,57795409,1,2019-09-04 16:44:53,1324802,3005,2012-04-10 14:26:21,android;admob;firebase-remote-config;shared;preferences;
android,googlesamples/android-instant-apps,44497929,android;google-console-developer;android-instant-apps;,7017,7,6,2017-06-12 07:08:04,https://stackoverflow.com/questions/44497929/digital-assets-link-link-to-my-website,2291718,63,2013-04-17 12:35:08,android;google-console-developer;android-instant-apps;,52966077,12,2018-10-24 05:56:07,10551193,368,2018-10-24 05:52:27,android;google-console-developer;android-instant-apps;ionic-framework;http;
android,googlesamples/android-instant-apps,50362528,android;kotlin;android-instant-apps;android-wear-2.0;,1138,1,3,2018-05-16 00:36:06,https://stackoverflow.com/questions/50362528/illegalstateexception-expected-configuration-moduledebugfeaturecompileclassp,2553048,1147,2013-07-05 04:49:34,android;encryption;kotlin;banner;admob;,50389268,2,2018-05-17 06:32:15,2553048,1147,2013-07-05 04:49:34,android;encryption;kotlin;banner;admob;
android,googlesamples/android-nearby,53635269,android;android-studio;gradle;android-gradle-plugin;google-play-services;,5295,2,2,2018-12-05 12:09:09,https://stackoverflow.com/questions/53635269/gradle-cannot-resolve-androidx-appcompatappcompat1-1-0-alpha01-and-com-google,7130705,25,2016-11-08 06:18:31,android;gradle;google-play-services;android-studio;android-gradle-plugin;,54059069,0,2019-01-06 03:02:57,8391709,74,2017-07-31 00:27:21,php;codeigniter;validation;duplicates;javascript;
android,googlesamples/android-nearby,53031435,audio-streaming;android-audiorecord;,71,1,0,2018-10-28 08:19:12,https://stackoverflow.com/questions/53031435/detect-audio-only-from-10-cm-stream-audio-only-when-person-speaks-android,9177881,3,2018-01-05 11:17:43,,53047949,1,2018-10-29 10:44:23,5328680,1733,2015-09-12 10:52:16,android;java;angular;android-studio;javascript;
android,googlesamples/android-nearby,51958954,android;google-nearby;,73,0,1,2018-08-21 22:05:38,https://stackoverflow.com/questions/51958954/android-google-nearby-message-api-subscribe-not-work-in-background-mode,10257421,11,2018-08-21 22:00:14,android;google-nearby;,,,,,,,[]
android,googlesamples/android-nearby,43821919,android;google-play;google-nearby;android-things;,1569,3,1,2017-05-06 11:00:03,https://stackoverflow.com/questions/43821919/are-google-play-services-supported-on-android-things,6377072,41,2016-05-24 11:48:50,iphone;fonts;ios;android;google-play;,,,,,,,[]
android,googlesamples/android-nearby,43300273,android;google-nearby;,244,1,3,2017-04-08 16:56:25,https://stackoverflow.com/questions/43300273/nearby-connections-nullpointerexception,967131,6798,2011-09-27 09:22:58,android;youtube;android-layout;java;eclipse;,,,,,,,[]
android,googlesamples/android-nearby,36354383,android;google-play-services;beacon;eddystone;,898,1,0,2016-04-01 06:48:43,https://stackoverflow.com/questions/36354383/beacon-eddystone-background-scanning,5967417,410,2016-02-23 04:46:55,android;android-espresso;beacon;google-play-services;google-nearby;,,,,,,,[]
android,googlesamples/android-nearby,38787400,android-studio;beacon;google-nearby;,542,1,0,2016-08-05 06:48:51,https://stackoverflow.com/questions/38787400/nearby-messages-api-not-getting-any-attachments,6594243,61,2016-07-15 08:39:21,android;gradle;gradlew;android-studio;android-gradle-plugin;,,,,,,,[]
android,googlesamples/android-nearby,35699359,android;google-api;google-play-services;bluetooth-lowenergy;google-nearby;,357,1,2,2016-02-29 08:17:46,https://stackoverflow.com/questions/35699359/nearbybackgroundbeacons-demo-returns-unknown-status-code-2801-on-subscribe,77887,3006,2009-03-13 16:03:09,javascript;java;undefined;html;arrays;,,,,,,,[]
android,googlesamples/android-nearby,37983623,android;android-wifi;google-nearby;,116,0,0,2016-06-23 02:14:14,https://stackoverflow.com/questions/37983623/in-some-android-device-wifi-turn-off-automatically-during-using-google-nearby-ap,5888457,33,2016-02-05 10:59:16,android;gradle;android-gradle-plugin;react-native;react-native-android;,,,,,,,[]
android,googlesamples/android-nearby,36481333,android;google-play-services;beacon;google-nearby;,1124,2,5,2016-04-07 11:53:20,https://stackoverflow.com/questions/36481333/google-nearby-api-background-scan-doesn%c2%b4t-work-after-application-kill,5967417,410,2016-02-23 04:46:55,android;android-espresso;beacon;google-play-services;google-nearby;,,,,,,,[]
android,googlesamples/android-nearby,33763874,android;google-nearby;,1921,2,8,2015-11-17 14:59:35,https://stackoverflow.com/questions/33763874/nearby-connection-api-for-android-not-working-for-some-devices,229697,4862,2009-12-11 11:49:59,android;android-widget;android-listview;java;listview;,33923113,0,2015-11-25 14:41:51,2754856,1389,2013-09-06 11:11:25,android;eclipse;gradle;android-logcat;android-studio;
android,googlesamples/android-AppUsageStatistics,53239749,android;,58,1,-1,2018-11-10 11:05:01,https://stackoverflow.com/questions/53239749/how-to-refresh-the-view-every-second,10633125,1,2018-11-10 10:46:07,,,,,,,,[]
android,googlesamples/android-AppUsageStatistics,50039024,java;android;,91,0,1,2018-04-26 05:06:23,https://stackoverflow.com/questions/50039024/android-appusagestatistics-sample,9702858,11,2018-04-26 04:56:45,java;android;,,,,,,,[]
android,googlesamples/android-custom-lint-rules,59071546,android;lint;,9,0,0,2019-11-27 09:40:25,https://stackoverflow.com/questions/59071546/lint-custom-rule-for-check-method-exceed-in-class,6294875,999,2016-05-05 05:24:33,android;java;firebase;firebase-cloud-messaging;api;,,,,,,,[]
android,googlesamples/android-play-billing,50011880,android;in-app-billing;in-app-subscription;,250,0,5,2018-04-24 19:08:55,https://stackoverflow.com/questions/50011880/play-billing-library-v1-0-renewed-subscription-missing-from-querypurchases-resu,220287,1006,2009-11-27 20:37:03,javascript;angularjs;jquery;android;android-mapview;,,,,,,,[]
android,googlesamples/android-play-billing,44397765,google-play;in-app-purchase;google-play-services;in-app-billing;,986,0,21,2017-06-06 14:54:31,https://stackoverflow.com/questions/44397765/play-store-updates-installs-app-using-a-different-account-than-the-one-the-user,704836,5809,2011-04-12 16:17:37,android;android-support-library;android-webview;android-5.0-lollipop;android-intent;,,,,,,,[]
android,googlesamples/android-play-billing,58305521,android;in-app-purchase;google-cloud-messaging;,303,2,0,2019-10-09 09:39:59,https://stackoverflow.com/questions/58305521/firebasemessagingservice-onmessagereceived-override-error,4716694,5105,2015-03-26 09:35:39,android;android-gradle-plugin;google-play-services;android-studio;gradle;,,,,,,,[]
android,googlesamples/android-play-billing,53111773,android;in-app-purchase;in-app-billing;,912,6,7,2018-11-01 22:03:56,https://stackoverflow.com/questions/53111773/one-instance-of-billingclient-throughout-app,1924554,1237,2012-12-23 02:13:12,ios;uitableview;swift;android;camera;,53112336,1,2018-11-01 23:32:47,1924554,1237,2012-12-23 02:13:12,ios;uitableview;swift;android;camera;
android,googlesamples/android-play-billing,57061792,android;in-app-purchase;in-app-billing;android-billing;play-billing-library;,820,0,1,2019-07-16 12:31:15,https://stackoverflow.com/questions/57061792/google-play-billing-interrupted-purcahse-billing-result-response-code-is-item-a,235123,10090,2009-11-18 11:00:13,android;java;animation;android-activity;rx-java;,,,,,,,[]
android,googlesamples/android-play-billing,56925014,android;in-app-purchase;in-app-billing;,147,1,3,2019-07-07 14:35:14,https://stackoverflow.com/questions/56925014/how-does-verify-purchase-was-signed-correctly-using-developers-public-key-at-s,72437,49473,2009-03-01 07:00:43,android;java;email;android-activity;android-livedata;,,,,,,,[]
android,googlesamples/android-play-billing,52807279,android;in-app-purchase;in-app-billing;android-billing;play-billing-library;,106,0,0,2018-10-14 17:32:30,https://stackoverflow.com/questions/52807279/google-play-billing-crashes-on-api-level-bellow-19,5679560,1549,2015-12-14 17:34:50,java;android;collections;linked-list;time-complexity;,,,,,,,[]
android,googlesamples/android-play-billing,52066757,java;android;android-billing;,312,0,0,2018-08-28 17:59:44,https://stackoverflow.com/questions/52066757/nullpointerexception-billingmanager-java-from-in-app-billing,2997430,653,2013-11-15 15:35:01,android;ios;swift;java;picture-in-picture;,,,,,,,[]
android,googlesamples/android-play-billing,48928369,android;google-play;play-billing-library;,1293,0,10,2018-02-22 09:14:49,https://stackoverflow.com/questions/48928369/billingclient-querypurchases-returns-the-list-with-already-cancelled-subsription,2825911,763,2013-09-28 04:39:38,android;android-manifest;android-screen-support;kotlin;dagger;,,,,,,,[]
android,googlesamples/android-play-billing,46984467,android;android-billing;play-billing-library;,216,1,1,2017-10-27 19:55:47,https://stackoverflow.com/questions/46984467/deprecated-inventory-object-from-google-play-billing-library-1-0,1964609,963,2013-01-09 17:13:48,android;java;lost-focus;android-layout;user-experience;,48350486,0,2018-01-19 19:31:36,1964609,963,2013-01-09 17:13:48,android;java;lost-focus;android-layout;user-experience;
android,googlesamples/android-play-billing,46706327,android;in-app-purchase;in-app-billing;,707,0,6,2017-10-12 05:41:51,https://stackoverflow.com/questions/46706327/android-iabhelper-vs-billingclient,395097,672,2010-07-18 06:27:07,android;android-jetpack;android-workmanager;android-architecture-components;memory-management;,,,,,,,[]
android,googlesamples/android-play-billing,44910631,android;github;in-app-purchase;play-billing-library;,2064,3,11,2017-07-04 12:28:10,https://stackoverflow.com/questions/44910631/trivialdrive-vs-trivialdrive-v2,8251758,143,2017-07-04 01:53:03,android;in-app-purchase;github;play-billing-library;in-app-billing;,44911261,3,2017-07-04 13:12:58,295004,9264,2010-03-16 13:37:39,android;right-to-left;java;eclipse;avd;
android,googlesamples/android-play-billing,38221182,android;in-app-purchase;promotion-code;,80,0,1,2016-07-06 05:56:07,https://stackoverflow.com/questions/38221182/is-there-any-way-to-differentiate-normal-purchase-from-promo-code-purchase,4717590,812,2015-03-26 13:10:18,websocket;android;c;networking;libwebsockets;,,,,,,,[]
android,googlesamples/android-play-billing,41500348,android;google-play;google-play-services;,835,2,3,2017-01-06 03:42:06,https://stackoverflow.com/questions/41500348/why-getpurchasehistory-method-is-not-present-in-iinappbillingservice-aidl-even-i,6339618,174,2016-05-16 03:23:04,java;android;string;pattern-matching;c;,41500488,2,2017-01-06 03:51:42,1676363,132106,2012-09-16 19:32:24,android;android-appcompat;android-studio;android-5.0-lollipop;android-support-library;
android,googlesamples/android-play-billing,35381104,android;google-play;in-app-billing;promotion-code;,1061,1,46,2016-02-13 11:26:39,https://stackoverflow.com/questions/35381104/in-app-purchase-promo-codes-breaks-remote-server-verification,445360,665,2010-09-11 20:52:32,android;aidl;android-preferences;service;broadcastreceiver;,,,,,,,[]
android,googlesamples/android-play-billing,44911596,android;in-app-purchase;google-play-services;in-app-billing;android-billing;,382,1,3,2017-07-04 13:39:19,https://stackoverflow.com/questions/44911596/how-do-we-implement-in-app-purchasing-when-the-documentation-is-so-inconsistent,8251758,143,2017-07-04 01:53:03,android;in-app-purchase;github;play-billing-library;in-app-billing;,,,,,,,[]
android,googlesamples/android-play-billing,42403890,android;,2479,2,4,2017-02-22 18:58:20,https://stackoverflow.com/questions/42403890/what-is-the-use-case-of-new-voided-purchases-api,72437,49473,2009-03-01 07:00:43,android;java;email;android-activity;android-livedata;,42426052,9,2017-02-23 16:58:32,1065162,885,2011-11-25 04:26:48,xml;web-config;visual-studio-2015;android;windows-phone-7;
android,googlesamples/android-play-billing,40833901,android;restore;billing;,90,0,1,2016-11-27 18:07:24,https://stackoverflow.com/questions/40833901/add-restore-purchase-in-app-billing-premium,6941150,37,2016-10-08 07:03:57,android;arrays;tabs;storage;billing;,,,,,,,[]
android,googlesamples/android-play-billing,39585232,java;android;in-app-purchase;in-app-billing;,165,1,2,2016-09-19 23:24:12,https://stackoverflow.com/questions/39585232/android-in-app-purchase-where-to-register-receiver,4652534,523,2015-03-10 01:43:48,android;ssl;https;socket.io;tls1.2;,,,,,,,[]
android,googlesamples/android-play-billing,38015824,android;android-billing;,112,0,2,2016-06-24 10:28:49,https://stackoverflow.com/questions/38015824/unable-to-upgrade-downgrade-google-android-in-app-subscriptions,1378258,195,2012-05-06 11:58:23,asp.net;model-view-controller;asp.net-mvc;controller;asp.net-mvc-3;,,,,,,,[]
android,googlesamples/android-ads,57956777,java;android;admob;ads;native-ads;,40,1,0,2019-09-16 08:18:26,https://stackoverflow.com/questions/57956777/native-ad-mute-reasons-not-showing,9017620,1086,2017-11-27 22:24:48,android;java;android-constraintlayout;android-viewpager;menuitem;,,,,,,,[]
android,googlesamples/android-ads,58683254,java;android;admob;ads;native-ads;,120,2,2,2019-11-03 14:18:09,https://stackoverflow.com/questions/58683254/how-to-display-google-form-for-muting-native-ad,9017620,1086,2017-11-27 22:24:48,android;java;android-constraintlayout;android-viewpager;menuitem;,,,,,,,[]
android,googlesamples/android-ads,35711493,android;android-studio;github;,2400,3,2,2016-02-29 19:01:47,https://stackoverflow.com/questions/35711493/how-to-import-sample-apidemos-into-android-studio-1-5-1,2737933,3770,2013-09-01 15:05:25,android;android-studio;java;plugins;apk;,35728605,0,2016-03-01 12:47:06,2737933,3770,2013-09-01 15:05:25,android;android-studio;java;plugins;apk;
android,googlesamples/android-BluetoothLeGatt,50814384,android;bluetooth-lowenergy;,478,2,0,2018-06-12 05:59:40,https://stackoverflow.com/questions/50814384/ble-scan-not-working,7145917,19,2016-11-11 08:54:32,bluetooth;bluetooth-gatt;android;bluetooth-lowenergy;,,,,,,,[]
android,googlesamples/android-BluetoothLeGatt,57769186,java;android-studio;bluetooth-lowenergy;,68,1,0,2019-09-03 05:51:07,https://stackoverflow.com/questions/57769186/i-dont-receive-more-then-one-packet-on-my-smartphone,12013715,1,2019-09-03 05:23:16,,,,,,,,[]
android,googlesamples/android-BluetoothLeGatt,51993370,java;android;,39,3,0,2018-08-23 15:54:24,https://stackoverflow.com/questions/51993370/trouble-with-ble-android,10266531,7,2018-08-23 15:21:30,,,,,,,,[]
android,googlesamples/android-BluetoothLeGatt,56675052,android;bluetooth;bluetooth-lowenergy;android-ble;,34,0,0,2019-06-19 16:00:28,https://stackoverflow.com/questions/56675052/android-bluetoothle-keeping-gatt-client-server-connection-alive,3789164,387,2014-06-30 02:10:58,vue.js;methods;jquery;reminders;settimeout;,,,,,,,[]
android,googlesamples/android-BluetoothLeGatt,54294854,android;nullpointerexception;bluetooth;bluetooth-lowenergy;,680,2,0,2019-01-21 14:15:25,https://stackoverflow.com/questions/54294854/how-to-fix-nullpointerexception-from-getsystemservicejava-lang-string,8041742,55,2017-05-20 15:11:49,android;java;multithreading;runtime-error;google-maps;,54295003,0,2019-01-21 14:25:57,115145,856050,2009-05-31 12:20:08,android;java;android-intent;android-studio;android-fragments;
android,googlesamples/android-BluetoothLeGatt,53787613,android;bluetooth-lowenergy;,264,0,1,2018-12-14 19:18:54,https://stackoverflow.com/questions/53787613/restoring-connection-to-bluetooth-le-server-bluetoothgatt-connect-does-not-ap,2247459,3227,2013-04-04 23:05:00,android;java;android-studio;hyper-v;haxm;,,,,,,,[]
android,googlesamples/android-BluetoothLeGatt,48020271,android;bluetooth-lowenergy;,76,1,1,2017-12-29 06:25:03,https://stackoverflow.com/questions/48020271/ble-development-on-vivo-smartphones,9152458,11,2017-12-29 06:11:02,android;bluetooth-lowenergy;,,,,,,,[]
android,googlesamples/android-BluetoothLeGatt,49043010,android;android-studio;bluetooth-lowenergy;,268,1,0,2018-03-01 01:12:51,https://stackoverflow.com/questions/49043010/bluetooth-thermometer-sends-data-continuously-while-in-debugging-mode-but-in-run,7433716,53,2017-01-18 01:19:07,android;qr-code;spinner;android-layout;android-recyclerview;,,,,,,,[]
android,googlesamples/android-BluetoothLeGatt,49024906,android;bluetooth-lowenergy;bluetooth-gatt;,52,1,1,2018-02-28 04:19:39,https://stackoverflow.com/questions/49024906/android-device-unable-to-connect-with-blegattserver,2839691,11,2013-10-02 13:33:10,android;bluetooth-lowenergy;bluetooth-gatt;,,,,,,,[]
android,googlesamples/android-BluetoothLeGatt,49020168,android;bluetooth-lowenergy;,593,1,0,2018-02-27 20:32:17,https://stackoverflow.com/questions/49020168/couldnt-get-the-temperature-value-continuously-from-a-bluetooth-thermometer,7433716,53,2017-01-18 01:19:07,android;qr-code;spinner;android-layout;android-recyclerview;,49021444,0,2018-02-27 23:20:07,813613,1729,2011-06-24 03:04:47,android;bluetooth-lowenergy;bluetooth;android-4.3-jelly-bean;android-bluetooth;
android,googlesamples/android-BluetoothLeGatt,47880718,java;android;bluetooth;hex;bluetooth-lowenergy;,56,1,2,2017-12-19 02:48:36,https://stackoverflow.com/questions/47880718/how-transferring-data-to-connected-bluetooth-le-device,4650625,1141,2015-03-09 12:32:20,android;right-to-left;gridlayoutmanager;android-recyclerview;push-notification;,,,,,,,[]
android,googlesamples/android-BluetoothLeGatt,46273499,android;bluetooth;bluetooth-lowenergy;raspberry-pi3;android-ble;,789,1,1,2017-09-18 03:09:32,https://stackoverflow.com/questions/46273499/trouble-connecting-android-app-to-raspberry-pi-3-over-ble,5473324,41,2015-10-21 17:48:59,android;bluetooth;bluetooth-lowenergy;android-ble;raspberry-pi3;,,,,,,,[]
android,googlesamples/android-BluetoothLeGatt,47472415,java;android;bluetooth;bluetooth-lowenergy;sensor;,128,0,0,2017-11-24 08:31:14,https://stackoverflow.com/questions/47472415/send-data-to-ble-sensor-device,3742929,190,2014-06-15 15:36:07,android;java;html;html2canvas;jspdf;,,,,,,,[]
android,googlesamples/android-BluetoothLeGatt,46263640,android;bluetooth;bluetooth-lowenergy;device;gatt;,454,1,1,2017-09-17 07:39:41,https://stackoverflow.com/questions/46263640/ble-gatt-server-name,8435690,113,2017-08-08 13:19:06,bluetooth;bluetooth-lowenergy;device;gatt;android;,46467940,3,2017-09-28 07:24:05,8435690,113,2017-08-08 13:19:06,bluetooth;bluetooth-lowenergy;device;gatt;android;
android,googlesamples/android-BluetoothLeGatt,46364151,android;bluetooth-lowenergy;,238,1,0,2017-09-22 07:52:16,https://stackoverflow.com/questions/46364151/android-ble-module-is-longer-busy-after-few-seconds-of-connection,6290005,509,2016-05-04 05:43:00,c;embedded;gcc;mode;keil;,46383834,1,2017-09-23 16:08:31,556495,9219,2010-12-28 19:08:47,bluetooth-lowenergy;android;bluetooth;android-bluetooth;bluetooth-gatt;
android,googlesamples/android-BluetoothLeGatt,42216472,java;android;bluetooth-lowenergy;gatt;,206,2,2,2017-02-13 22:42:31,https://stackoverflow.com/questions/42216472/android-code-does-not-scan-ble-device-cc2650,7422536,33,2017-01-15 16:35:33,bluetooth-lowenergy;gatt;python;dictionary;,,,,,,,[]
android,googlesamples/android-BluetoothLeGatt,42303277,android;bluetooth;bluetooth-lowenergy;bluetooth-gatt;,485,0,5,2017-02-17 13:48:56,https://stackoverflow.com/questions/42303277/read-notifications-when-touch-button-in-ble-device,2183365,730,2013-03-18 13:14:41,android;jenkins;android-studio;android-gradle-plugin;gradle-plugin;,,,,,,,[]
android,googlesamples/android-BluetoothLeGatt,42111793,android;connection;bluetooth-lowenergy;,1266,1,0,2017-02-08 08:24:28,https://stackoverflow.com/questions/42111793/how-can-i-connect-to-multiple-ble-devices-simultaneously-in-android,5449352,61,2015-10-15 07:26:20,android;android-ble;boot;dialog;bluetooth-lowenergy;,,,,,,,[]
android,googlesamples/android-BluetoothLeGatt,38869938,android;bluetooth;bluetooth-lowenergy;,302,1,1,2016-08-10 05:52:35,https://stackoverflow.com/questions/38869938/android-send-data-via-blue-tooth-low-energy-adapter,4152203,705,2014-10-16 23:37:42,android;last-modified;android-contacts;sqlite;google-drive-api;,,,,,,,[]
android,googlesamples/android-BluetoothLeGatt,37806234,android;android-bluetooth;bluetooth-lowenergy;,2958,1,0,2016-06-14 04:00:27,https://stackoverflow.com/questions/37806234/devices-are-not-detected-by-bluetooth-le-scan,4529022,718,2015-02-04 11:33:02,android;android-studio;bluetooth-lowenergy;unity3d;unity5;,37811934,2,2016-06-14 08:23:52,4854929,759,2015-05-01 13:22:05,bluetooth-lowenergy;microcontroller;bluetooth;pic;ios;
android,googlesamples/android-BluetoothLeGatt,36012367,android;bluetooth;bluetooth-lowenergy;,923,0,1,2016-03-15 09:13:37,https://stackoverflow.com/questions/36012367/android-bluetooth-pairing-how-to-detect-i-entered-wrong-pin-from-my-app,1166722,121,2012-01-24 07:13:08,refinerycms;android;ruby-on-rails;camera;android-activity;,,,,,,,[]
android,googlesamples/android-BluetoothLeGatt,35923725,java;android;bluetooth-lowenergy;android-ble;,487,0,0,2016-03-10 13:49:34,https://stackoverflow.com/questions/35923725/android-ble-ring-vibrate-and-write-characteristic-according-to-rssi-value,6046120,1,2016-03-10 13:11:27,,,,,,,,[]
android,googlesamples/android-Camera2Raw,48094952,android;android-camera;android-camera2;,4886,4,10,2018-01-04 09:06:41,https://stackoverflow.com/questions/48094952/where-does-android-hardware-camera2-full-come-from,1281930,4455,2012-03-20 16:44:25,android;uri;path;android-4.4-kitkat;android-room;,48095129,8,2018-01-04 09:15:44,885028,23970,2011-08-08 20:18:58,android;android-studio;kotlin;java;python;
android,googlesamples/android-Camera2Raw,56583375,android;android-camera2;,415,0,6,2019-06-13 10:59:56,https://stackoverflow.com/questions/56583375/camera2-controlled-burst-mode,2249237,786,2013-04-05 09:19:44,android;java;android-studio;xml;gradle;,,,,,,,[]
android,googlesamples/android-Camera2Raw,48448924,android-support-library;android-camera2;,1419,1,1,2018-01-25 14:41:42,https://stackoverflow.com/questions/48448924/import-android-support-v13-app-fragmentcompat-fails-cannot-resolve-error,1264847,36,2012-03-12 14:31:56,sqlite;debugging;android;galaxy-tab;android-support-library;,,,,,,,[]
android,googlesamples/android-Camera2Raw,32970996,android;preview;camera2;,1051,1,1,2015-10-06 09:15:40,https://stackoverflow.com/questions/32970996/how-to-become-the-preview-stream-in-raw-format-camera2-api-imageformate-raw-s,3612630,11,2014-05-07 10:33:00,android;preview;camera2;,,,,,,,[]
android,googlesamples/android-WifiRttScan,56638876,java;android;android-wifi;wireless;android-9.0-pie;,195,0,0,2019-06-17 17:01:47,https://stackoverflow.com/questions/56638876/can-android-9-pie-devices-operate-in-responder-mode-for-802-11mc-rtt-ftm,11661089,1,2019-06-17 16:35:01,,,,,,,,[]
android,googlesamples/android-testdpc,47544132,android;android-syncadapter;android-securityexception;,667,1,1,2017-11-28 23:34:34,https://stackoverflow.com/questions/47544132/addaccountexplicitly-throws-securityexception-because-com-google-android-gm-is-n,9023227,11,2017-11-28 22:46:39,android;android-syncadapter;android-securityexception;,,,,,,,[]
android,googlesamples/android-testdpc,45099484,android;mdm;android-for-work;,1164,2,6,2017-07-14 05:31:34,https://stackoverflow.com/questions/45099484/how-can-i-get-hold-of-or-bypass-the-android-dpc-support-library,440921,7589,2010-09-06 17:23:07,android;java;usermanager;javascript;commonjs;,46485018,4,2017-09-29 04:41:58,440921,7589,2010-09-06 17:23:07,android;java;usermanager;javascript;commonjs;
android,googlesamples/android-testdpc,42654921,android;,1072,0,1,2017-03-07 13:49:07,https://stackoverflow.com/questions/42654921/how-to-install-android-apk-using-packageinstaller-and-deviceowner,7673882,11,2017-03-07 13:33:15,android;,,,,,,,[]
android,googlesamples/android-ActivitySceneTransitionBasic,52108627,android;google-maps;android-animation;android-transitions;shared-element-transition;,187,0,0,2018-08-31 00:51:16,https://stackoverflow.com/questions/52108627/android-scene-transition-animation-on-the-map-marker-click,2827591,1042,2013-09-28 23:24:59,android;java;multithreading;android-activity;android-layout;,,,,,,,[]
android,googlesamples/android-Camera2Video,57716484,java;android;android-camera2;landscape-portrait;,346,1,2,2019-08-29 15:09:14,https://stackoverflow.com/questions/57716484/android-processing-of-camera-data-using-renderscript-camera2-api,7350834,303,2016-12-28 14:05:03,python;android;landscape-portrait;android-camera2;exception-handling;,,,,,,,[]
android,googlesamples/android-Camera2Video,56182565,java;android;android-camera;android-camera2;,64,0,2,2019-05-17 04:30:42,https://stackoverflow.com/questions/56182565/is-it-possible-to-have-an-hidden-recording-of-camera-device-with-id0-and-a-possi,11426685,31,2019-04-29 07:09:07,java;android;android-camera2;android-camera;android-mediarecorder;,,,,,,,[]
android,googlesamples/android-Camera2Video,55902634,java;android;android-camera2;android-mediarecorder;,479,0,1,2019-04-29 07:42:09,https://stackoverflow.com/questions/55902634/how-to-get-a-stable-constant-frame-rate-with-camera2-api,11426685,31,2019-04-29 07:09:07,java;android;android-camera2;android-camera;android-mediarecorder;,,,,,,,[]
android,googlesamples/android-Camera2Video,54823902,android;android-camera2;mediarecorder;android-mediarecorder;,143,0,1,2019-02-22 05:28:24,https://stackoverflow.com/questions/54823902/camera2-mediarecorder-changes-frame-rate-on-galaxy-s9,11100529,91,2019-02-22 04:58:43,configuration;maven;spring-boot;java;jackson;,,,,,,,[]
android,googlesamples/android-Camera2Video,54091648,android;face-detection;android-camera2;,622,2,2,2019-01-08 09:16:38,https://stackoverflow.com/questions/54091648/camera-2-api-to-preview-record-and-extract-the-preview-frame-to-firebase-face-d,722683,2526,2011-04-14 01:08:03,android;button;vibration;android-vibration;textview;,,,,,,,[]
android,googlesamples/android-Camera2Video,53129932,java;android;kotlin;video-processing;video-capture;,2306,1,4,2018-11-03 05:13:32,https://stackoverflow.com/questions/53129932/how-to-capture-frame-by-frame-images-from-android-video-recording-in-real-time,1404257,1800,2012-05-18 16:28:11,ios;android;java;opencv;xmpp;,53275304,0,2018-11-13 03:48:14,1404257,1800,2012-05-18 16:28:11,ios;android;java;opencv;xmpp;
android,googlesamples/android-Camera2Video,51079648,android;audio;video;xamarin.android;mediarecorder;,366,0,4,2018-06-28 05:44:32,https://stackoverflow.com/questions/51079648/android-mediarecorder-video-audio-and-video-track-playing-subsequently,7236414,1047,2016-12-01 10:25:34,xamarin;xamarin.forms;c#;xaml;ios;,,,,,,,[]
android,googlesamples/android-Camera2Video,47533726,android;,855,1,6,2017-11-28 11:16:11,https://stackoverflow.com/questions/47533726/how-to-use-mediacodec-with-camera2,4968955,81,2015-06-03 05:33:50,android;json;android-volley;,,,,,,,[]
android,googlesamples/android-Camera2Video,50941902,android;android-camera;android-camera2;android-video-record;,178,0,3,2018-06-20 02:48:58,https://stackoverflow.com/questions/50941902/determine-the-proper-value-of-mediarecorder-setvideoencodingbitrate,971070,3504,2011-09-29 08:03:01,android;java;kotlin;ios;android-layout;,,,,,,,[]
android,googlesamples/android-Camera2Video,50653388,android;video;mediarecorder;android-camera2;samsung-galaxy;,371,0,1,2018-06-02 00:01:06,https://stackoverflow.com/questions/50653388/camera2-and-mediarecorder-recording-blank-video-only-happening-on-samsung-galaxy,5348338,21,2015-09-17 18:28:21,singleton;objective-c;ios;video;android;,,,,,,,[]
android,googlesamples/android-Camera2Video,49880717,android;xml;video-capture;android-camera2;,108,1,0,2018-04-17 10:24:57,https://stackoverflow.com/questions/49880717/android-camera2video-preview-issue,9441843,651,2018-03-04 10:25:38,android;java;video;effects;filter;,,,,,,,[]
android,googlesamples/android-Camera2Video,49914794,android;xml;android-fragments;android-camera2;,35,2,0,2018-04-19 03:07:45,https://stackoverflow.com/questions/49914794/android-fragment-ontouchevent-on-button-from-other-layout,9441843,651,2018-03-04 10:25:38,android;java;video;effects;filter;,,,,,,,[]
android,googlesamples/android-Camera2Video,49570402,android;android-camera2;,78,1,-1,2018-03-30 03:39:15,https://stackoverflow.com/questions/49570402/for-what-creates-handlerthread-in-android-camera2video,1884872,195,2012-12-07 05:46:34,android;ios;on-demand-resources;,,,,,,,[]
android,googlesamples/android-Camera2Video,37539614,android;camera;android-camera;android-camera2;,1570,3,1,2016-05-31 03:35:53,https://stackoverflow.com/questions/37539614/camera2video-api-full-screen-preview-and-video-quality,5693666,788,2015-12-18 01:46:43,postgresql;node.js;sql;ruby-on-rails;arrays;,,,,,,,[]
android,googlesamples/android-Camera2Video,43549220,android;google-api;android-mediarecorder;android-camera2;,512,1,1,2017-04-21 13:59:22,https://stackoverflow.com/questions/43549220/android-media-recorder-crashes-on-stop,6140957,525,2016-03-31 12:00:22,android;android-glide;timeout;android-layout;admob;,,,,,,,[]
android,googlesamples/android-Camera2Video,48558822,android;video;android-camera;samsung-mobile;android-video-record;,503,0,10,2018-02-01 06:01:36,https://stackoverflow.com/questions/48558822/mediarecorder-corrupt-video-recording-samsung,3876714,677,2014-07-25 07:12:33,android;java;base64;image;bitmap;,,,,,,,[]
android,googlesamples/android-Camera2Video,45358247,java;android;video;android-camera2;,1045,1,6,2017-07-27 14:16:37,https://stackoverflow.com/questions/45358247/android-camera2-api-galaxy-s7,3561494,1381,2014-04-22 13:14:00,android;java;rest;android-volley;video;,45420167,3,2017-07-31 11:43:57,3561494,1381,2014-04-22 13:14:00,android;java;rest;android-volley;video;
android,googlesamples/android-Camera2Video,43664404,android;video;mediarecorder;,130,0,0,2017-04-27 13:31:56,https://stackoverflow.com/questions/43664404/camera2-api-video-is-being-stretched-on-some-devices-like-onepluus-one,7932729,1,2017-04-27 13:13:19,,,,,,,,[]
android,googlesamples/android-Camera2Video,40331561,android;video;orientation;mediarecorder;portrait;,2608,2,1,2016-10-30 14:14:47,https://stackoverflow.com/questions/40331561/android-how-to-rotate-recorded-video-using-mediarecorder-in-portrait-mode,7027099,477,2016-10-16 12:12:36,java;rest;spring;postman;spring-restcontroller;,,,,,,,[]
android,googlesamples/android-Camera2Video,41090419,android;video-capture;,1480,1,0,2016-12-11 16:48:07,https://stackoverflow.com/questions/41090419/record-video-with-text-image-over-camerasurface-view-or-texture-view,4876386,968,2015-05-07 14:59:59,android;android-fragments;android-theme;video;android-imageview;,,,,,,,[]
android,googlesamples/android-Camera2Video,39507860,android-mediarecorder;android-camera2;,977,0,5,2016-09-15 05:42:52,https://stackoverflow.com/questions/39507860/android-hardware-camera2-error-camera-in-use,1828731,73,2012-11-16 03:05:11,android-mediarecorder;android-camera2;xcode;tapku;ios6;,,,,,,,[]
android,googlesamples/android-Camera2Video,38909365,android;android-camera;android-mediarecorder;,35,0,0,2016-08-11 23:20:38,https://stackoverflow.com/questions/38909365/front-facing-will-darken-when-recording,5624419,1,2015-12-01 03:58:51,,,,,,,,[]
android,googlesamples/android-Camera2Video,34832098,android;video-capture;android-mediarecorder;android-camera2;,1237,2,1,2016-01-16 18:02:33,https://stackoverflow.com/questions/34832098/nexus-5x-records-video-rotated-upside-down-using-mediarecorder-and-camera2,3846287,1733,2014-07-16 14:19:10,android;navigation;android-fragments;react-native;protocolexception;,36071166,0,2016-03-17 16:34:25,3846287,1733,2014-07-16 14:19:10,android;navigation;android-fragments;react-native;protocolexception;
android,googlesamples/android-Camera2Video,36415585,java;android;cordova;cordova-plugins;,679,0,1,2016-04-04 21:24:33,https://stackoverflow.com/questions/36415585/cordova-plugin-stop-restart-activity,2068766,2847,2013-02-13 11:51:53,javascript;css;jquery;jquery-mobile;youtube-javascript-api;,,,,,,,[]
android,googlesamples/android-Camera2Video,31987928,java;android;xml;cordova;layout;,279,1,1,2015-08-13 08:13:20,https://stackoverflow.com/questions/31987928/android-layout-xml-rotation-orientation,2068766,2847,2013-02-13 11:51:53,javascript;css;jquery;jquery-mobile;youtube-javascript-api;,32661407,0,2015-09-18 17:36:25,2068766,2847,2013-02-13 11:51:53,javascript;css;jquery;jquery-mobile;youtube-javascript-api;
android,googlesamples/android-XYZTouristAttractions,39327480,android;location;google-play-services;,4160,2,2,2016-09-05 05:23:10,https://stackoverflow.com/questions/39327480/how-to-get-users-current-location-in-android,1081355,804,2011-12-05 07:31:46,android;java;retrofit;rest;okhttp;,39333694,2,2016-09-05 11:26:32,3162918,2804,2014-01-05 13:27:01,android;android-notifications;android-resources;android-drawable;python;
android,googlesamples/android-XYZTouristAttractions,29848140,android;,1156,1,1,2015-04-24 08:57:04,https://stackoverflow.com/questions/29848140/android-xyztouristattractions-googles-example-error-while-trying-to-compile,2280212,2149,2013-04-14 14:11:06,android;material-design;listview;onscrolllistener;android-recyclerview;,29861971,2,2015-04-25 02:45:12,268156,18405,2010-02-07 12:10:45,android;google-maps;gradle;apache-httpcomponents;android-9.0-pie;
android,googlesamples/android-WearVerifyRemoteApp,44467885,android;wear-os;,318,1,4,2017-06-09 19:20:21,https://stackoverflow.com/questions/44467885/android-wear-launching-google-play-on-phone,1149647,4107,2011-03-24 02:33:13,android;textview;ios;animation;transition;,,,,,,,[]
android,googlesamples/android-WearVerifyRemoteApp,42130478,android;android-wear-2.0;,41,0,1,2017-02-09 04:18:04,https://stackoverflow.com/questions/42130478/capabilityapi-in-wear-2-0-only-works-when-using-same-package-id,2991186,19,2013-11-14 05:30:56,android;android-wear-2.0;,,,,,,,[]
android,googlesamples/android-WatchFace,27876937,android;nullpointerexception;sample;,517,1,2,2015-01-10 10:52:45,https://stackoverflow.com/questions/27876937/watchface-sample-how-to-run,4439998,21,2015-01-10 10:36:42,android;sample;nullpointerexception;,,,,,,,[]
android,googlesamples/android-MediaEffects,30952459,java;android;opengl-es;effects;,3856,1,2,2015-06-20 05:34:59,https://stackoverflow.com/questions/30952459/android-how-to-change-opengles-texture-data-bitmap-from-gallery-camera,4772917,23,2015-04-10 04:54:14,java;android;opengl-es;effects;,30956693,1,2015-06-20 13:02:55,3530129,46808,2014-04-13 19:09:56,opengl;c++;opengl-es;android;glsl;
android,googlesamples/android-DirectBoot,39363500,android;alarmmanager;android-alarms;,3686,2,1,2016-09-07 03:15:51,https://stackoverflow.com/questions/39363500/setalarmclock-not-exact-in-android-marshmallow,5549837,461,2015-11-11 05:43:10,android;android-fragments;android-layout;android-recyclerview;android-intent;,,,,,,,[]
android,googlesamples/leanback-showcase,56713401,android;focus;android-tv;leanback;,314,0,1,2019-06-22 03:09:57,https://stackoverflow.com/questions/56713401/how-to-move-focus-to-right-on-android-tv-in-custom-title-view-nextfocusright-do,1461568,2213,2012-06-17 04:12:41,android;android-alertdialog;java;retrofit2;json;,,,,,,,[]
android,googlesamples/leanback-showcase,55799245,exoplayer;android-tv;,461,0,1,2019-04-22 14:30:37,https://stackoverflow.com/questions/55799245/how-to-implement-video-scrubbing-in-exoplayer-for-androidtv,4767968,2701,2015-04-09 04:18:05,android;android-dialogfragment;material-design;android-snackbar;listview;,,,,,,,[]
android,googlesamples/leanback-showcase,52641014,android;android-tv;leanback;browsefragment;,1380,2,2,2018-10-04 03:12:54,https://stackoverflow.com/questions/52641014/custom-headers-for-leanback-browsefragment-with-pagerow,3687061,414,2014-05-29 06:01:45,android;leanback;android-layout;android-tv;browsefragment;,52661842,3,2018-10-05 04:54:08,3687061,414,2014-05-29 06:01:45,android;leanback;android-layout;android-tv;browsefragment;
android,googlesamples/leanback-showcase,50268110,android;leanback;,358,1,1,2018-05-10 03:51:01,https://stackoverflow.com/questions/50268110/leanback-search-fragment-closing-after-gaining-focus-on-results,9769407,51,2018-05-10 03:47:18,android;leanback;,,,,,,,[]
android,googlesamples/leanback-showcase,38382439,android-tv;leanback;,282,1,0,2016-07-14 15:13:10,https://stackoverflow.com/questions/38382439/verticalgridfragment-title-weird-position,379822,446,2010-06-30 04:28:57,ruby;minitest;ruby-2.2;ruby-on-rails;processor;,38382647,2,2016-07-14 15:26:44,379822,446,2010-06-30 04:28:57,ruby;minitest;ruby-2.2;ruby-on-rails;processor;
android,googlesamples/androidtv-sample-inputs,61365515,tiff;channel;android-tv;television;amazon-fire-tv;,34,0,0,2020-04-22 08:46:21,https://stackoverflow.com/questions/61365515/tv-input-framework-companion-library-not-working-for-fire-tv,3732629,96,2014-06-12 01:14:23,drawer;react-native;react-native-android;react-navigation;stack-navigator;,,,,,,,[]
android,googlesamples/androidtv-sample-inputs,54249271,channel;android-tv;epg;,1081,1,0,2019-01-18 04:13:53,https://stackoverflow.com/questions/54249271/how-to-create-program-guide-based-on-android-tv-input-framework-as-below-shown,7758406,115,2017-03-23 13:48:57,android;android-glide;dialog;fragment;bottom-sheet;,54425671,1,2019-01-29 13:36:39,3513016,381,2014-04-08 18:46:43,android;android-usb;android-enterprise;android-management-api;security;
android,googlesamples/androidtv-sample-inputs,57330921,android-tv;leanback;,183,0,0,2019-08-02 13:14:22,https://stackoverflow.com/questions/57330921/ho-to-implement-epg-program-guide-like-in-androidtv-sample-inputs,1461568,2213,2012-06-17 04:12:41,android;android-alertdialog;java;retrofit2;json;,,,,,,,[]
android,googlesamples/androidtv-sample-inputs,36765915,android-tv;,414,1,-1,2016-04-21 05:50:34,https://stackoverflow.com/questions/36765915/tvinputservice-hdmi-channel-are-not-detected-by-live-channels-app,6234192,1,2016-04-21 03:33:20,,,,,,,,[]
android,googlesamples/androidtv-sample-inputs,34059790,android;android-securityexception;,601,1,0,2015-12-03 04:08:05,https://stackoverflow.com/questions/34059790/java-lang-securityexception-access-not-allowed-for-content-android-media-tv-w,5624732,1,2015-12-01 05:45:46,,,,,,,,[]
android,googlesamples/androidtv-sample-inputs,31377712,android;android-contentresolver;android-tv;,1132,1,1,2015-07-13 03:34:37,https://stackoverflow.com/questions/31377712/live-channels-query-returns-security-exception,1491707,9042,2012-06-29 12:50:17,actions-on-google;dialogflow;android;google-assistant-sdk;google-home;,31399312,1,2015-07-14 02:32:52,1491707,9042,2012-06-29 12:50:17,actions-on-google;dialogflow;android;google-assistant-sdk;google-home;
android,googlesamples/android-play-publisher-api,56510496,java;android;google-play-developer-api;,77,2,-1,2019-06-08 18:14:45,https://stackoverflow.com/questions/56510496/using-android-google-play-dev-api-from-android-app,2231299,690,2013-04-01 04:00:30,sprite-kit;swift;ios;xcode;skspritenode;,,,,,,,[]
android,googlesamples/android-play-publisher-api,56638306,java;android;google-play;android-app-bundle;,1082,1,2,2019-06-17 16:12:58,https://stackoverflow.com/questions/56638306/sockettimeoutexception-while-uploading-aab-file-using-google-publishing-api,5238522,2289,2015-08-18 05:15:34,javascript;api;cors;preflight;fetch-api;,56877288,1,2019-07-03 16:10:16,5238522,2289,2015-08-18 05:15:34,javascript;api;cors;preflight;fetch-api;
android,googlesamples/android-play-publisher-api,52734443,google-api-java-client;,311,0,1,2018-10-10 03:01:21,https://stackoverflow.com/questions/52734443/service-account-and-google-play-developper-api,1545567,848,2012-07-23 06:17:12,.net;asp.net-web-api;asp.net-mvc;push-notification;apple-push-notifications;,,,,,,,[]
android,googlesamples/android-play-publisher-api,38403559,android;fastlane;,342,1,1,2016-07-15 15:13:16,https://stackoverflow.com/questions/38403559/google-play-dev-console-automation-of-creating-a-new-app,1233366,11568,2012-02-26 00:12:48,python;django;ios;uwsgi;swift;,38409251,3,2016-07-16 04:20:06,445598,9906,2010-09-12 10:10:12,ios;fastlane;xcode;cocoapods;app-store-connect;
android,googlesamples/android-play-publisher-api,26241916,google-api;android-gradle-plugin;google-api-java-client;travis-ci;google-play;,514,2,3,2014-10-07 13:39:34,https://stackoverflow.com/questions/26241916/error-in-travis-trying-to-submit-app-to-googles-play-store,231768,1058,2009-12-14 23:03:02,android;sender-id;google-cloud-messaging;google-api-console;multithreading;,,,,,,,[]
android,googlesamples/androidtv-Leanback,56251116,android;exoplayer2.x;leanback;,37,1,0,2019-05-22 03:06:37,https://stackoverflow.com/questions/56251116/problems-playing-videos-in-leanback-example,8251975,21,2017-07-04 02:34:56,,,,,,,,[]
android,googlesamples/androidtv-Leanback,51893569,android;android-fragments;android-recyclerview;null;leanback;,187,1,3,2018-08-17 06:37:34,https://stackoverflow.com/questions/51893569/replace-fragment-caused-recyclerviewviewholder-shouldignore-on-a-null-object,10238850,31,2018-08-17 06:34:08,null;android;android-fragments;leanback;android-recyclerview;,,,,,,,[]
android,googlesamples/androidtv-Leanback,52929862,android-tv;android-security;,57,0,0,2018-10-22 08:52:29,https://stackoverflow.com/questions/52929862/sql-injection-vulnerability-on-searchable-android-apptv,8092053,1,2017-05-31 08:42:43,,,,,,,,[]
android,googlesamples/androidtv-Leanback,44115956,java;android;,51,1,0,2017-05-22 10:47:53,https://stackoverflow.com/questions/44115956/how-to-add-a-lean-back-background-that-will-appear-when-focused-on-the-apps-ico,8048740,1,2017-05-22 10:36:24,,,,,,,,[]
android,googlesamples/androidtv-Leanback,31838356,android;pagination;cursor;android-searchmanager;android-tv;,508,0,0,2015-08-05 12:45:45,https://stackoverflow.com/questions/31838356/search-with-pagination-in-android-tv,5194894,84,2015-08-05 12:21:07,algorithm;c;c++;math;binary-tree;,,,,,,,[]
android,googlesamples/androidtv-Leanback,31925561,android;cursor;android-search;android-searchmanager;android-tv;,139,0,3,2015-08-10 13:22:53,https://stackoverflow.com/questions/31925561/update-cursor-returned-by-contentprovider-query-for-android-tv-search,5194894,84,2015-08-05 12:21:07,algorithm;c;c++;math;binary-tree;,,,,,,,[]
android,googlesamples/androidtv-Leanback,36687233,android;,275,0,0,2016-04-18 02:54:40,https://stackoverflow.com/questions/36687233/android-tv-how-to-add-read-more-button-to-the-content-details-layout,6154812,229,2016-04-04 04:06:55,android;nullpointerexception;settimeout;setinterval;carousel;,,,,,,,[]
android,googlesamples/androidtv-Leanback,34159696,android;android-intent;activity-lifecycle;android-tv;leanback;,318,1,0,2015-12-08 12:28:04,https://stackoverflow.com/questions/34159696/resume-activity-from-a-android-tv-recommendation,5311955,41,2015-09-08 04:32:31,android;android-input-method;android-tv;,34161304,0,2015-12-08 13:41:40,5311955,41,2015-09-08 04:32:31,android;android-input-method;android-tv;
android,googlesamples/androidtv-Leanback,27891487,android-tv;,2656,1,3,2015-01-11 17:03:29,https://stackoverflow.com/questions/27891487/android-tv-play-video-from-url,795820,270,2011-06-13 07:16:39,android;swiperefreshlayout;android-coordinatorlayout;facebook;android-intent;,27891593,3,2015-01-11 17:14:54,1367571,11679,2012-05-01 06:24:12,android;uri;absolute-path;mediastore;android-tv;
android,googlesamples/androidtv-Leanback,27489545,android;android-emulator;android-studio;android-tv;,1373,1,1,2014-12-15 14:22:10,https://stackoverflow.com/questions/27489545/videos-of-the-sample-app-not-running-in-the-android-tv-emulator,916538,921,2011-08-28 11:18:47,android-tv;leanback;android;webos;javascript;,27577720,1,2014-12-20 03:35:53,4361607,2799,2014-12-15 05:42:56,android;android-recyclerview;android-5.0-lollipop;rippledrawable;android-appcompat;
android,googlesamples/androidtv-Leanback,26641526,android;android-tv;,366,0,1,2014-10-29 19:09:21,https://stackoverflow.com/questions/26641526/how-to-set-image-when-implementing-global-search-for-android-tv,157937,1519,2009-08-17 14:36:46,android;maps;google-maps;android-listview;android-fragments;,,,,,,,[]
android,googlesamples/android-MediaRecorder,52804082,android;android-camera;android-camera2;,897,0,2,2018-10-14 11:12:08,https://stackoverflow.com/questions/52804082/how-to-implement-custom-video-recorder-app-in-android,6925888,2132,2016-10-05 06:50:07,mongodb;mongodb-atlas;robo3t;android;java;,,,,,,,[]
android,googlesamples/android-MediaRecorder,39013371,android;mediarecorder;,427,1,-1,2016-08-18 04:30:34,https://stackoverflow.com/questions/39013371/android-what-is-the-right-and-universal-way-to-set-the-video-size-for-recording,965347,187,2011-09-26 11:37:57,c++;oop;arrays;android;json;,39013654,0,2016-08-18 04:45:21,6523232,808,2016-06-28 08:04:53,c++;java;multithreading;android;qt;
android,googlesamples/android-fit,57124264,java;android;multithreading;google-fit;,51,1,1,2019-07-20 07:25:53,https://stackoverflow.com/questions/57124264/connecting-to-google-fit-android-api-not-in-the-activity-class,11276995,37,2019-03-29 06:31:12,java;android;google-fit;api;multithreading;,57126826,0,2019-07-20 12:56:56,4729721,3830,2015-03-30 08:40:17,android;kotlin;java;firebase;android-studio;
android,googlesamples/android-fit,49005575,android;google-fit;,235,1,0,2018-02-27 05:45:24,https://stackoverflow.com/questions/49005575/how-can-i-run-google-fit-sample,1497597,2388,2012-07-02 23:12:37,android;c#;postgresql;vb.net;html;,,,,,,,[]
android,googlesamples/android-fit,36773519,android;oauth;google-api;google-fit;google-fit-sdk;,1781,3,0,2016-04-21 11:02:31,https://stackoverflow.com/questions/36773519/google-fit-api-oauth-issue,5965793,73,2016-02-22 19:50:53,sql;sql-server;matlab;hex;loops;,,,,,,,[]
android,googlesamples/android-fit,42142836,sony;sony-smartwatch;sony-lifelog-api;,206,1,0,2017-02-09 14:12:06,https://stackoverflow.com/questions/42142836/retrieving-heart-rate-data-from-sony-band-swr12,5322959,323,2015-09-10 16:50:37,android;bluetooth;google-fit-sdk;google-fit;python;,46559810,0,2017-10-04 04:00:26,8504861,173,2017-08-23 04:08:04,android;google-fit;google-play-services;google-api;android-camera;
android,googlesamples/android-fit,40874524,android;google-fit;,63,0,0,2016-11-29 16:46:25,https://stackoverflow.com/questions/40874524/no-data-sources-found-for-sub-com-google-heart-rate-bpm-error-while-trying-to-a,7071209,1,2016-10-25 15:04:35,,,,,,,,[]
android,googlesamples/android-fit,36270399,android;android-studio;google-api;google-fit;google-fit-sdk;,557,1,0,2016-03-28 16:16:22,https://stackoverflow.com/questions/36270399/exception-while-connecting-to-google-play-services-null,5965793,73,2016-02-22 19:50:53,sql;sql-server;matlab;hex;loops;,36270772,0,2016-03-28 16:38:57,1750013,778,2012-10-16 08:25:12,android;java;android-activity;android-intent;android-layout;
android,googlesamples/android-fit,35506755,android;oauth;,44,1,0,2016-02-19 10:41:06,https://stackoverflow.com/questions/35506755/google-oauth-for-testing-application,5587446,158,2015-11-20 17:58:08,paypal;php;mysql;payment;paypal-rest-sdk;,,,,,,,[]
android,googlesamples/android-fit,32487996,android;google-fit;,433,0,1,2015-09-09 15:48:35,https://stackoverflow.com/questions/32487996/google-fit-implementation-not-tracking-steps-when-on-stand-by-mode-on-samsung,5261952,92,2015-08-24 16:50:11,listview;android-listview;android-adapter;android-fragments;android;,,,,,,,[]
android,googlesamples/android-fit,28966466,android;google-fit;,697,2,1,2015-03-10 10:33:32,https://stackoverflow.com/questions/28966466/google-fit-stopped-working-fitness-historyapi-insertdata-returns-success-but,4427983,71,2015-01-07 05:18:59,android;navigation-drawer;android-toolbar;google-fit;firebase;,28989409,1,2015-03-11 10:33:10,4427983,71,2015-01-07 05:18:59,android;navigation-drawer;android-toolbar;google-fit;firebase;
android,googlesamples/android-testing-templates,60439652,android;gradle;android-testing;android-instrumentation;,22,1,0,2020-02-27 14:33:03,https://stackoverflow.com/questions/60439652/gradle-run-instrumentation-test-how-to-exclude-a-package-using-command-line,2278333,39,2013-04-13 17:00:09,java;svn;graphics;tortoisesvn;android;,,,,,,,[]
android,googlesamples/android-BasicRenderScript,56307632,android;types;parameters;renderscript;,103,1,0,2019-05-25 14:27:33,https://stackoverflow.com/questions/56307632/renderscript-why-is-the-type-of-parameter-in-a-uchar4,7947113,392,2017-05-01 08:19:23,android;python;android-room;django;json;,,,,,,,[]
android,googlesamples/android-BasicRenderScript,50165497,renderscript;android-renderscript;,79,1,1,2018-05-03 20:28:10,https://stackoverflow.com/questions/50165497/terminate-pending-renderscript-kernel,5511947,688,2015-11-01 03:40:41,android;gradle;build.gradle;android-room;rx-java2;,,,,,,,[]
android,googlesamples/android-SynchronizedNotifications,39184426,android;wear-os;android-wear-notification;,92,0,1,2016-08-27 14:29:15,https://stackoverflow.com/questions/39184426/google-example-android-synchronizednotifications-does-not-work,6765259,11,2016-08-27 13:57:49,android;android-wear-notification;wear-os;,,,,,,,[]
android,googlesamples/android-SwipeRefreshLayoutBasic,41296030,android;android-support-library;swiperefreshlayout;,2928,4,2,2016-12-23 03:07:44,https://stackoverflow.com/questions/41296030/swipe-refresh-to-be-called-only-when-user-swipes-for-it-not-when-user-reaches-t,4302472,577,2014-11-28 02:26:59,flutter;android;gradle;java;android-layout;,,,,,,,[]
android,googlesamples/android-SlidingTabsBasic,53141233,android;android-viewpager;,122,1,1,2018-11-04 10:16:22,https://stackoverflow.com/questions/53141233/android-viewpager-preloading-too-much-fragments,4159664,120,2014-10-19 16:41:22,php-7;visual-studio-code;node.js;raspberry-pi;node-serialport;,,,,,,,[]
android,googlesamples/android-SlidingTabsBasic,29263647,java;android;eclipse;,74,0,0,2015-03-25 14:27:55,https://stackoverflow.com/questions/29263647/google-slidingtabsbasic-with-error,3286705,21,2014-02-08 05:32:37,arrays;objective-c;,,,,,,,[]
android,googlesamples/android-RuntimePermissions,48005850,java;android;android-studio;intellij-idea;,357,5,8,2017-12-28 07:34:58,https://stackoverflow.com/questions/48005850/android-runtimepermissions-sample-code-not-working,1646919,380,2012-09-04 13:28:30,android;android-studio;synchronization;kotlin;java;,,,,,,,[]
android,googlesamples/android-RuntimePermissions,33039188,android;android-6.0-marshmallow;,7407,2,18,2015-10-09 09:11:21,https://stackoverflow.com/questions/33039188/checkselfpermission-returning-permission-granted-for-revoked-permission-with-tar,247095,8929,2010-01-09 11:56:53,android;android-custom-view;android-view;android-custom-attributes;animation;,33253587,10,2015-10-21 04:40:55,2548749,124,2013-07-03 21:57:36,android;android-6.0-marshmallow;
android,googlesamples/android-RecyclerView,57359290,android;android-recyclerview;androidx;autoscroll;android-nestedscrollview;,159,0,0,2019-08-05 09:08:58,https://stackoverflow.com/questions/57359290/auto-scroll-to-specific-recycler-view-wrapped-inside-nested-scrollview-seems-to,11464363,35,2019-05-07 07:15:07,android;android-service;android-architecture-components;android-jetpack;android-workmanager;,,,,,,,[]
android,googlesamples/android-RecyclerView,31358973,android;methods;custom-adapter;android-recyclerview;,329,1,0,2015-07-11 11:55:31,https://stackoverflow.com/questions/31358973/android-speech-recognition-with-recyclerview,1620507,119,2012-08-23 13:06:00,android;speech-recognition;user-interface;android-fragments;java;,31359110,0,2015-07-11 12:10:48,4372498,779,2014-12-17 22:36:59,android;canvas;android-fragments;java;android-service;
android,googlesamples/android-RecyclerView,31323889,android;android-recyclerview;recycler-adapter;,113,1,1,2015-07-09 13:00:28,https://stackoverflow.com/questions/31323889/android-recyclerview-requires-2-clicks-to-set-strings,3246849,17,2014-01-28 21:35:16,android;recycler-adapter;android-recyclerview;,31327836,0,2015-07-09 16:43:28,1715829,9527,2012-10-02 21:45:13,android;java;c++;android-intent;optimization;
android,googlesamples/android-RecyclerView,28004653,android;adapter;android-recyclerview;,6912,2,2,2015-01-17 18:42:34,https://stackoverflow.com/questions/28004653/problems-with-onclick-to-remove-item-from-within-adapter,4465348,35,2015-01-17 15:12:23,android;adapter;android-recyclerview;,28005607,-1,2015-01-17 20:44:49,4465348,35,2015-01-17 15:12:23,android;adapter;android-recyclerview;
android,googlesamples/android-PdfRendererBasic,37483049,java;android;pdfrenderer;,7359,4,9,2016-05-27 08:02:45,https://stackoverflow.com/questions/37483049/how-to-implement-pdfrenderer-zoom-and-scroll-support,1791546,7122,2012-11-01 11:02:37,android;java;service;media;video-capture;,46002017,9,2017-09-01 10:06:04,231590,2453,2009-12-14 17:10:07,android-studio;macos;openjdk;java-home;android;
android,googlesamples/android-PdfRendererBasic,51925092,android;pdfrenderer;parcelfiledescriptor;,1366,1,0,2018-08-20 02:24:27,https://stackoverflow.com/questions/51925092/pdfrenderer-error-java-io-ioexception-cannot-create-document-error-3,5421738,1557,2015-10-08 02:47:01,android;android-studio;build.gradle;android-studio-2.0;android-file;,51960068,0,2018-08-22 00:50:27,5421738,1557,2015-10-08 02:47:01,android;android-studio;build.gradle;android-studio-2.0;android-file;
android,googlesamples/android-PdfRendererBasic,32188864,android;pdf;,809,0,0,2015-08-24 14:08:32,https://stackoverflow.com/questions/32188864/failed-to-render-pdf-from-storage-using-pdfrenderer,2202757,824,2013-03-23 12:54:51,android;flutter;icons;resolution;screen;,,,,,,,[]
android,googlesamples/android-NotificationChannels,46910621,android;firebase;firebase-cloud-messaging;android-8.0-oreo;,8672,4,13,2017-10-24 09:27:58,https://stackoverflow.com/questions/46910621/how-to-find-out-the-notification-channel-id-from-remotemessage,4727030,177,2015-03-29 13:34:29,android;firebase;firebase-cloud-messaging;android-8.0-oreo;java;,54262189,2,2019-01-18 19:22:46,1289159,86,2012-03-23 16:50:36,android;orientation;android-sensors;android-activity;firebase;
android,googlesamples/android-NotificationChannels,50177783,android;push-notification;notifications;android-notifications;,1603,1,10,2018-05-04 10:56:15,https://stackoverflow.com/questions/50177783/notificationmanagercompat-vs-notificationmanager,8281994,3034,2017-07-10 02:47:14,android;widget;android-widget;android-8.0-oreo;notification-channel;,,,,,,,[]
android,googlesamples/android-NfcProvisioning,57575185,java;android;,106,0,0,2019-08-20 09:49:40,https://stackoverflow.com/questions/57575185/provisioning-android-app-as-device-owner-not-working-on-android-9-0,10736102,1,2018-12-02 17:34:03,,,,,,,,[]
android,googlesamples/android-MultiWindowPlayground,42527558,android;android-layout;,661,1,0,2017-03-01 05:10:32,https://stackoverflow.com/questions/42527558/multi-windows-in-android-7-0-always-get-landscape-layout-even-though-device-in,5856328,222,2016-01-29 06:15:25,firebase;firebase-storage;android;gradle;android-studio;,42549502,2,2017-03-02 03:45:12,1533933,10860,2012-07-18 03:18:58,android;android-support-library;toolbar;android-layout;java;
android,googlesamples/android-MultiWindowPlayground,42485558,android;,148,1,-1,2017-02-27 08:13:23,https://stackoverflow.com/questions/42485558/multiwindow-playground-sample-in-android-automotive-n,4291450,1,2014-11-25 08:23:07,,,,,,,,[]
android,googlesamples/android-MediaRouter,39131973,android;casting;upnp;mediarouter;,134,1,1,2016-08-24 15:53:23,https://stackoverflow.com/questions/39131973/mediarouterprovider-not-visible-in-the-network,5402174,11,2015-10-02 12:42:18,android;casting;upnp;mediarouter;,,,,,,,[]
android,googlesamples/android-MediaBrowserService,54333310,android;android-mediaplayer;androidx;,334,1,0,2019-01-23 15:15:23,https://stackoverflow.com/questions/54333310/unable-to-stream-audio-after-migrating-to-androidx,10957238,11,2019-01-23 14:34:15,android;android-mediaplayer;androidx;,,,,,,,[]
android,googlesamples/android-MediaBrowserService,46567945,android;kotlin;android-mediasession;mediabrowserservice;mediabrowserservicecompat;,1075,2,5,2017-10-04 10:51:52,https://stackoverflow.com/questions/46567945/refreshing-mediabrowserservice-subcription-content,2351499,763,2013-05-05 04:13:45,android;java;android-notifications;foreground-service;remoteserviceexception;,46644087,0,2017-10-09 06:17:50,2351499,763,2013-05-05 04:13:45,android;java;android-notifications;foreground-service;remoteserviceexception;
android,googlesamples/android-MediaBrowserService,41284827,android;android-auto;,1352,2,5,2016-12-22 10:56:56,https://stackoverflow.com/questions/41284827/application-not-listed-in-android-auto,4349315,71,2014-12-11 06:23:49,android;android-auto;android-fragments;android-viewpager;android-toolbar;,,,,,,,[]
android,googlesamples/android-LNotifications,35407465,android;notifications;,716,1,0,2016-02-15 07:53:37,https://stackoverflow.com/questions/35407465/android-duration-of-notification-on-home-screen,5417224,1252,2015-10-07 03:27:30,android;terminology;android-drawable;android-bitmap;android-imageview;,,,,,,,[]
android,googlesamples/android-JobScheduler,24728744,android-studio;,282,1,0,2014-07-13 22:18:58,https://stackoverflow.com/questions/24728744/2-part-1-not-able-to-crete-avd-2-could-not-find-avd-or-sdk-manager,2245895,2800,2013-04-04 12:44:50,android;android-edittext;keyboard;android-softkeyboard;ios;,,,,,,,[]
android,googlesamples/android-HdrViewfinder,57716484,java;android;android-camera2;landscape-portrait;,346,1,2,2019-08-29 15:09:14,https://stackoverflow.com/questions/57716484/android-processing-of-camera-data-using-renderscript-camera2-api,7350834,303,2016-12-28 14:05:03,python;android;landscape-portrait;android-camera2;exception-handling;,,,,,,,[]
android,googlesamples/android-HdrViewfinder,57645797,android;android-camera2;aspect-ratio;landscape-portrait;,57,1,1,2019-08-25 07:57:04,https://stackoverflow.com/questions/57645797/android-google-sample-hdrviewfinder-in-portrait-mode,10468569,187,2018-10-07 06:25:06,android;django;surfaceview;landscape-portrait;textureview;,57672754,1,2019-08-27 06:31:24,192373,49318,2009-10-19 08:02:23,android;android-ndk;java-native-interface;c++;java;
android,googlesamples/android-HdrViewfinder,57708678,android;preview;android-camera2;aspect-ratio;landscape-portrait;,28,0,0,2019-08-29 06:57:05,https://stackoverflow.com/questions/57708678/android-calling-setrotation90-on-textureview-does-not-fill-the-whole-screen,10468569,187,2018-10-07 06:25:06,android;django;surfaceview;landscape-portrait;textureview;,,,,,,,[]
android,googlesamples/android-HdrViewfinder,57613016,android;mapping;surfaceview;landscape-portrait;textureview;,211,1,2,2019-08-22 11:46:21,https://stackoverflow.com/questions/57613016/android-handling-screen-orientation-with-surfaceview-and-camera2-api,10468569,187,2018-10-07 06:25:06,android;django;surfaceview;landscape-portrait;textureview;,,,,,,,[]
android,googlesamples/android-Geofencing,29029594,android;google-play-services;geofencing;,9542,6,23,2015-03-13 06:12:16,https://stackoverflow.com/questions/29029594/testing-geofencing-with-google-play-services-6-5,870751,3112,2011-07-30 10:33:53,android;xml;resources;layout;default;,,,,,,,[]
android,googlesamples/android-FingerprintDialog,58582577,java;android;fingerprint;android-fingerprint-api;,57,1,0,2019-10-27 15:21:07,https://stackoverflow.com/questions/58582577/how-and-where-my-device-store-fingerprint-results-and-matches-with-my-next-attem,11590977,233,2019-06-02 16:15:32,android;java;firebase;firebase-authentication;firebase-realtime-database;,58583172,1,2019-10-27 16:40:00,6236959,418,2016-04-21 13:20:32,android;java;ruby-on-rails;firebase-authentication;ruby;
android,googlesamples/android-FingerprintDialog,39470098,android;android-fingerprint-api;,7983,3,19,2016-09-13 08:27:22,https://stackoverflow.com/questions/39470098/why-crypto-object-is-needed-for-android-fingerprint-authentication,1294150,3422,2012-03-26 18:17:08,android;android-fingerprint-api;biometrics;fingerprint;jenkins;,,,,,,,[]
android,googlesamples/android-FingerprintDialog,53757578,android;google-drive-team-drive;,113,1,0,2018-12-13 05:15:37,https://stackoverflow.com/questions/53757578/detection-of-a-new-delete-fingerprint-enrolment,3920858,11,2014-08-08 00:37:40,php;magento;magento2;magento2.2;,,,,,,,[]
android,googlesamples/android-FingerprintDialog,54286516,android;fingerprint;user-identification;,118,2,-2,2019-01-21 06:07:28,https://stackoverflow.com/questions/54286516/how-to-identify-a-user-based-on-his-fingerprint,9981031,1028,2018-06-23 00:39:47,android;flutter;localization;google-play;dart;,54286885,1,2019-01-21 06:29:36,3141231,4561,2013-12-28 02:04:44,android;android-emulator;android-studio;android-gradle-plugin;eclipse;
android,googlesamples/android-FingerprintDialog,53853910,android;security;fingerprint;android-fingerprint-api;,568,1,1,2018-12-19 12:02:26,https://stackoverflow.com/questions/53853910/do-i-need-cryptoobject-object-or-null-for-the-following-use-case-during-fingerp,72437,49473,2009-03-01 07:00:43,android;java;email;android-activity;android-livedata;,53866367,4,2018-12-20 07:03:16,1524450,48387,2012-07-13 15:13:11,assembly;android;x86;mips;nasm;
android,googlesamples/android-FingerprintDialog,53750849,android;,63,0,0,2018-12-12 17:28:41,https://stackoverflow.com/questions/53750849/how-can-we-test-invalidatedbybiometricenrollment-in-keygenparameterspec-builder,72437,49473,2009-03-01 07:00:43,android;java;email;android-activity;android-livedata;,,,,,,,[]
android,googlesamples/android-FingerprintDialog,47390681,android;,625,2,0,2017-11-20 08:13:16,https://stackoverflow.com/questions/47390681/android8-0-cannt-check-fingerpring-update-when-i-add-a-new-fingerprint-in-my-de,8968845,1,2017-11-20 00:04:43,,,,,,,,[]
android,googlesamples/android-FingerprintDialog,50722582,java;android;fingerprint;biometrics;,550,1,0,2018-06-06 10:11:20,https://stackoverflow.com/questions/50722582/detection-of-a-new-fingerprint-enrolment,926192,355,2011-09-02 20:41:55,android;java;customization;implementation;json;,,,,,,,[]
android,googlesamples/android-FingerprintDialog,47800216,android;fingerprint;android-sharedpreferences;android-security;android-fingerprint-api;,88,1,0,2017-12-13 15:52:30,https://stackoverflow.com/questions/47800216/is-fingerprint-authentication-is-as-good-as-modifying-shared-preferences,826606,16094,2011-07-03 01:13:15,android;textview;android-fragments;android-viewpager;font-size;,,,,,,,[]
android,googlesamples/android-FingerprintDialog,47544577,android;fingerprint;android-fingerprint-api;,269,0,0,2017-11-29 00:28:47,https://stackoverflow.com/questions/47544577/how-to-detect-the-removal-fingerprint-in-android,7160909,1,2016-11-15 05:44:28,,,,,,,,[]
android,googlesamples/android-FingerprintDialog,32990275,emulation;nexus-5;,4419,2,4,2015-10-07 06:49:24,https://stackoverflow.com/questions/32990275/how-to-register-fingerprint-for-authentication-on-nexus-emulator,5417969,164,2015-10-07 06:30:24,android;session;java;salesforce;components;,35264164,10,2016-02-08 04:16:16,840669,13469,2011-07-12 08:16:00,android;android-edittext;passwords;onclick;screen;
android,googlesamples/android-FingerprintDialog,36580297,java;android;classnotfoundexception;android-fingerprint-api;,2844,2,2,2016-04-12 13:33:47,https://stackoverflow.com/questions/36580297/error-while-using-fingerprintmanager-android-api,4123672,227,2014-10-08 23:40:30,android;api;performance;push-notification;android-fragments;,,,,,,,[]
android,googlesamples/android-FingerprintDialog,37764937,android-studio;android-6.0-marshmallow;android-fingerprint-api;,3065,2,4,2016-06-11 10:36:32,https://stackoverflow.com/questions/37764937/fingerprint-api-ishardwaredetected-always-returns-false,1162842,550,2012-01-21 18:40:21,swift;unity3d;arrays;struct;ios;,,,,,,,[]
android,googlesamples/android-FingerprintDialog,34609427,android;fingerprint;,5930,3,19,2016-01-05 07:28:21,https://stackoverflow.com/questions/34609427/stop-listening-for-fingerprint-when-screen-off,292233,10055,2010-03-12 05:25:17,c++;c#;cmake;.net;c;,,,,,,,[]
android,googlesamples/android-FingerprintDialog,37643039,android;android-fingerprint-api;,114,1,0,2016-06-05 10:31:23,https://stackoverflow.com/questions/37643039/how-to-configure-finger-print-using-api-in-android,1428170,153,2012-05-31 06:36:08,android;ocr;report;android-actionbar;,,,,,,,[]
android,googlesamples/android-FingerprintDialog,37553441,android;android-fingerprint-api;,39,1,0,2016-05-31 14:49:10,https://stackoverflow.com/questions/37553441/need-fingerprint-scanning-for-those-which-have-that-feature-and-for-rest-it-shou,6331229,167,2016-05-13 11:24:01,android;audio;bluetooth;android-audiomanager;android-layout;,,,,,,,[]
android,googlesamples/android-FingerprintDialog,35127970,android;security;fingerprint;biometrics;,467,1,1,2016-02-01 07:17:55,https://stackoverflow.com/questions/35127970/protect-value-with-fingerprint,1481061,1277,2012-06-25 16:43:54,android;caching;view;fragment;java;,,,,,,,[]
android,googlesamples/android-FingerprintDialog,31579686,android;nullpointerexception;keystore;secret-key;,592,1,2,2015-07-23 02:28:52,https://stackoverflow.com/questions/31579686/android-m-fingerprint-scanner-support-example-getting-nullpointer-exception,966347,2160,2011-09-27 01:57:58,android;android-edittext;cursor;cursor-position;automount;,31678438,1,2015-07-28 09:56:28,1995157,4381,2013-01-20 15:34:03,android;java;gradle;android-fragments;wear-os;
android,googlesamples/android-DirectShare,40903489,android;android-sharing;,566,0,5,2016-12-01 02:52:08,https://stackoverflow.com/questions/40903489/direct-share-is-not-working-with-my-app-choosertargetservice-is-not-called,4150706,919,2014-10-16 12:58:19,android;android-7.0-nougat;android-7.1-nougat;android-connectivitymanager;networking;,,,,,,,[]
android,googlesamples/android-DirectorySelection,56263620,android;android-contentresolver;,287,1,1,2019-05-22 15:21:55,https://stackoverflow.com/questions/56263620/contentresolver-query-on-documentcontract-lists-all-files-disregarding-selection,5672363,17,2015-12-12 12:04:44,android;android-contentresolver;,61214849,1,2020-04-14 14:37:49,4400065,2848,2014-12-28 13:29:10,django;python;python-3.x;android;dictionary;
android,googlesamples/android-DirectorySelection,41096332,android;android-external-storage;mtp;storage-access-framework;document-provider;,1495,3,2,2016-12-12 04:53:47,https://stackoverflow.com/questions/41096332/issues-traversing-through-directory-hierarchy-with-android-storage-access-framew,3221524,61,2014-01-21 21:27:07,java;linux;cmake;protocol-buffers;capnproto;,41112022,0,2016-12-12 21:45:07,3221524,61,2014-01-21 21:27:07,java;linux;cmake;protocol-buffers;capnproto;
android,googlesamples/android-CardReader,41815879,android;nfc;nfc-p2p;android-beam;,720,1,0,2017-01-23 18:22:16,https://stackoverflow.com/questions/41815879/android-nfc-send-message-to-to-and-from-hce,7459837,11,2017-01-23 18:11:02,,,,,,,,[]
android,googlesamples/android-CardEmulation,56497850,android;hce;android-wear-2.0;,23,1,-1,2019-06-07 12:04:34,https://stackoverflow.com/questions/56497850/wear2-0-hce-service-not-run,11614934,1,2019-06-07 11:59:04,,,,,,,,[]
android,googlesamples/android-CardEmulation,41815879,android;nfc;nfc-p2p;android-beam;,720,1,0,2017-01-23 18:22:16,https://stackoverflow.com/questions/41815879/android-nfc-send-message-to-to-and-from-hce,7459837,11,2017-01-23 18:11:02,,,,,,,,[]
android,googlesamples/android-BluetoothAdvertisements,43906652,android;bluetooth;bluetooth-lowenergy;android-bluetooth;beacon;,556,1,2,2017-05-11 00:38:40,https://stackoverflow.com/questions/43906652/android-developement-bluetooth-low-emission-advertisement-is-not-supported-on,7413370,141,2017-01-13 03:38:13,android;listview;scrollview;android-gradle-plugin;bluetooth;,43906917,1,2017-05-11 01:04:00,7989770,67,2017-05-10 01:46:51,android;android-layout;bluetooth;bluetooth-lowenergy;android-bluetooth;
android,googlesamples/android-BatchStepSensor,50093384,android;android-4.1-jelly-bean;pedometer;,43,0,0,2018-04-29 22:54:26,https://stackoverflow.com/questions/50093384/step-sensor-or-an-equivalent-on-android-4-1,9719381,1,2018-04-29 22:27:11,,,,,,,,[]
android,googlesamples/android-BasicSyncAdapter,47544132,android;android-syncadapter;android-securityexception;,667,1,1,2017-11-28 23:34:34,https://stackoverflow.com/questions/47544132/addaccountexplicitly-throws-securityexception-because-com-google-android-gm-is-n,9023227,11,2017-11-28 22:46:39,android;android-syncadapter;android-securityexception;,,,,,,,[]
android,googlesamples/android-BasicManagedProfile,27738431,android;android-5.0-lollipop;,288,1,1,2015-01-02 03:45:50,https://stackoverflow.com/questions/27738431/android-l-emm-mdm-launching-managed-app-from-unmanaged-app,987105,55,2011-10-10 01:05:57,android;android-actionbar;text;resize;shape;,,,,,,,[]
android,googlesamples/android-BasicManagedProfile,26310908,android;android-5.0-lollipop;,1216,1,1,2014-10-10 23:57:59,https://stackoverflow.com/questions/26310908/android-l-manage-profile,1024806,146,2011-11-01 23:08:48,android;android-ndk;android-gradle-plugin;gradle-experimental;android-5.0-lollipop;,27478710,0,2014-12-15 03:48:26,1232569,488,2012-02-25 10:46:39,android-5.0-lollipop;device-policy-manager;android-developer-api;android;intellij-idea;
android,googlesamples/android-BasicManagedProfile,26479618,android;android-5.0-lollipop;,2186,1,1,2014-10-21 02:42:16,https://stackoverflow.com/questions/26479618/android-l-device-provisioning-is-not-enabled,710802,9386,2011-04-15 23:18:25,android;button;rippledrawable;android-studio;gradle;,26480019,0,2014-10-21 03:13:22,550966,73794,2010-12-22 05:37:34,android;android-studio;code-formatting;java;android-activity;
android,googlesamples/android-BasicAndroidKeyStore,53653530,java;android;encryption;keystore;android-keystore;,249,0,0,2018-12-06 11:24:51,https://stackoverflow.com/questions/53653530/keystore-crash-on-android-6,1412144,107,2012-05-23 04:44:39,git;android;android-support-library;bottom-sheet;floating-action-button;,,,,,,,[]
android,googlesamples/android-BasicAndroidKeyStore,52222829,android;encryption;keystore;logcat;,388,0,2,2018-09-07 08:42:45,https://stackoverflow.com/questions/52222829/android-9-0-keystore-getentry-logs-servicespecificexception-code-7,446461,11626,2010-09-13 10:57:03,android;android-activity;java;crash;datepicker;,,,,,,,[]
android,googlesamples/android-BasicAndroidKeyStore,49167514,android;keystore;keychain;key-storage;,224,1,1,2018-03-08 03:21:52,https://stackoverflow.com/questions/49167514/store-user-credentials-in-android-keystore-keychain,3355728,569,2014-02-26 08:07:31,ios;uitableview;android;c#;selenium;,,,,,,,[]
android,googlesamples/android-AsymmetricFingerprintDialog,45051996,android;authentication;keystore;signature;fingerprint;,1189,1,1,2017-07-12 04:11:17,https://stackoverflow.com/questions/45051996/android-fingerprint-authentication-with-signature,5552022,2337,2015-11-11 16:39:06,android;java;android-fingerprint-api;android-intent;sockets;,45059954,2,2017-07-12 10:05:08,6371459,26336,2016-05-23 09:26:44,jwt;java;ssl;digital-signature;rsa;
android,googlesamples/android-AccelerometerPlay,42654017,java;android;xml;eclipse;,56,1,0,2017-03-07 13:01:00,https://stackoverflow.com/questions/42654017/android-sdk-updating-xml-doesnt-update-app,6926913,13,2016-10-05 10:16:29,,42656583,0,2017-03-07 15:21:49,5239122,690,2015-08-18 07:47:53,android;android-layout;android-studio;java;themes;
android,googlesamples/android-play-safetynet,61947006,android;safetynet;,28,1,0,2020-05-21 22:45:04,https://stackoverflow.com/questions/61947006/safetynet-offline-verification,9929364,107,2018-06-12 05:09:43,android;intellij-idea;reverse-engineering;html;filesystems;,,,,,,,[]
android,googlesamples/android-play-safetynet,59502653,java;node.js;kotlin;certificate;google-signin;,74,1,0,2019-12-27 11:14:18,https://stackoverflow.com/questions/59502653/get-key-for-google-safety-net,12362617,1,2019-11-12 14:05:54,,,,,,,,[]
android,googlesamples/android-play-safetynet,49306906,android;sdk;recaptcha;safetynet;,503,0,7,2018-03-15 14:38:02,https://stackoverflow.com/questions/49306906/google-safety-net-addonfailurelistener-not-trigger-when-user-dismiss-the-verify,834719,735,2011-07-08 00:15:25,c++;opencv;algorithm;android;java;,,,,,,,[]
android,googlesamples/android-WearCompanionLibrary,42490488,java;android;wear-os;wear-companion-library;,121,0,0,2017-02-27 12:12:06,https://stackoverflow.com/questions/42490488/why-googleapiclient-is-not-connected-in-android-wear-app-while-using-wearcompani,292502,7282,2010-03-12 12:59:44,visual-studio-2015;c#;visual-studio;git-pull;git-revert;,,,,,,,[]
android,googlesamples/identity-toolkit-android,50220557,android;oauth;socialauth;social-authentication;,35,0,1,2018-05-07 14:41:40,https://stackoverflow.com/questions/50220557/what-is-the-2018-way-to-implement-social-media-logins-on-android,2324388,10666,2013-04-26 11:06:20,android;notifications;android-notifications;dismiss;java;,,,,,,,[]
android,googlesamples/identity-toolkit-android,30888646,android;api;exception;,430,1,2,2015-06-17 06:16:12,https://stackoverflow.com/questions/30888646/identity-toolkit-api-for-android,4057371,43,2014-09-19 03:10:46,api;android;exception;html;javascript;,,,,,,,[]
android,googlesamples/android-WclDemoSample,42490488,java;android;wear-os;wear-companion-library;,121,0,0,2017-02-27 12:12:06,https://stackoverflow.com/questions/42490488/why-googleapiclient-is-not-connected-in-android-wear-app-while-using-wearcompani,292502,7282,2010-03-12 12:59:44,visual-studio-2015;c#;visual-studio;git-pull;git-revert;,,,,,,,[]
